M45 7SQ,14 Well Grove, Whitefield, Manchester M45 7SQ, UK,
NR7 8EX,80 Wroxham Rd, Norwich NR7 8EX, UK,,
GL12 7JU,14A Wortley Rd, Wotton-under-Edge GL12 7JU, UK,,
CF10 3AF,Medigold Health, Greyfriars Clinic, Park House, Greyfriars Road," Cardiff	CF10 3AF"
PA29 6YE,5 Torinturk, Tarbert PA29 6YE, UK,,
ST11 9BQ,Caverswall Old Rd, Stoke-on-Trent ST11 9BQ, UK,,
DY13 8XY,5 Olive Grove, Stourport-on-Severn DY13 8XY, UK,,
SY4 3PZ,8 Croft Cl, Bomere Heath, Shrewsbury SY4 3PZ, UK,
IV52 8TS,7 Camas An Arbhair, Plockton IV52 8TS, UK,,
SS12 0DX,20 Charlotte Ave, Wickford SS12 0DX, UK,,
NN7 2DU,1 Hall Cottages, Preston Deanery, Northampton NN7 2DU, UK,
TR11 3YL,17 Challenger Quay, Falmouth TR11 3YL, UK,,
OX17 3RQ,5 The Square, King's Sutton, Banbury OX17 3RQ, UK,
TW19 7JF,3 Whitley Cl, Stanwell, Staines TW19 7JF, UK,
EC4V 5DE,34 St Andrew's Hill, London EC4V 5DE, UK,,
DE11 8LF,43 Church St, Swadlincote DE11 8LF, UK,,
BA9 9PZ,1 Ridgeway, Cucklington, Wincanton BA9 9PZ, UK,
SA12 8HR,3 Glen View Terrace, Port Talbot SA12 8HR, UK,,
B11 2NA,36 Fraser Rd, Birmingham B11 2NA, UK,,
